id,outcome,override
APP-0001,not_invited,
APP-0002,not_invited,
APP-0003,not_invited,
APP-0004,not_invited,
APP-0005,not_invited,
APP-0006,not_invited,
APP-0007,invited,
APP-0008,not_invited,
APP-0009,not_invited,
APP-0010,not_invited,
APP-0011,not_invited,
APP-0012,not_invited,
APP-0013,invited,
APP-0014,not_invited,
APP-0015,not_invited,
APP-0016,invited,
APP-0017,not_invited,
APP-0018,invited,panel
APP-0019,not_invited,
APP-0020,not_invited,
APP-0021,not_invited,
APP-0022,not_invited,
APP-0023,not_invited,
APP-0024,not_invited,
APP-0025,not_invited,
APP-0026,not_invited,
APP-0027,not_invited,
APP-0028,not_invited,
APP-0029,not_invited,
APP-0030,not_invited,
APP-0031,not_invited,
APP-0032,not_invited,
APP-0033,not_invited,
APP-0034,not_invited,
APP-0035,not_invited,
APP-0036,not_invited,
APP-0037,not_invited,
APP-0038,not_invited,
APP-0039,not_invited,
APP-0040,not_invited,
APP-0041,not_invited,
APP-0042,not_invited,
APP-0043,not_invited,
APP-0044,not_invited,
APP-0045,not_invited,
APP-0046,not_invited,
APP-0047,not_invited,
APP-0048,invited,
APP-0049,not_invited,
APP-0050,not_invited,
APP-0051,invited,
APP-0052,invited,
APP-0053,not_invited,
APP-0054,not_invited,
APP-0055,not_invited,
APP-0056,not_invited,
APP-0057,not_invited,
APP-0058,not_invited,
APP-0059,not_invited,
APP-0060,not_invited,
APP-0061,not_invited,
APP-0062,not_invited,
APP-0063,not_invited,
APP-0064,not_invited,
APP-0065,not_invited,
APP-0066,not_invited,
APP-0067,not_invited,
APP-0068,not_invited,
APP-0069,not_invited,
APP-0070,not_invited,
APP-0071,not_invited,
APP-0072,not_invited,
APP-0073,not_invited,
APP-0074,not_invited,
APP-0075,not_invited,
APP-0076,not_invited,
APP-0077,not_invited,
APP-0078,not_invited,
APP-0079,not_invited,
APP-0080,not_invited,
APP-0081,not_invited,
APP-0082,not_invited,
APP-0083,not_invited,
APP-0084,not_invited,
APP-0085,invited,
APP-0086,not_invited,
APP-0087,not_invited,
APP-0088,not_invited,
APP-0089,not_invited,
APP-0090,not_invited,
APP-0091,not_invited,
APP-0092,invited,
APP-0093,not_invited,
APP-0094,not_invited,
APP-0095,not_invited,
APP-0096,not_invited,
APP-0097,not_invited,
APP-0098,not_invited,
APP-0099,not_invited,
APP-0100,not_invited,
APP-0101,not_invited,
APP-0102,not_invited,
APP-0103,not_invited,
APP-0104,not_invited,
APP-0105,not_invited,
APP-0106,not_invited,
APP-0107,not_invited,
APP-0108,not_invited,
APP-0109,not_invited,
APP-0110,not_invited,
APP-0111,not_invited,
APP-0112,not_invited,
APP-0113,not_invited,
APP-0114,not_invited,
APP-0115,not_invited,
APP-0116,not_invited,
APP-0117,not_invited,
APP-0118,not_invited,
APP-0119,not_invited,
APP-0120,not_invited,
APP-0121,not_invited,
APP-0122,not_invited,
APP-0123,invited,
APP-0124,not_invited,
APP-0125,invited,
APP-0126,not_invited,
APP-0127,not_invited,
APP-0128,not_invited,
APP-0129,invited,
APP-0130,not_invited,
APP-0131,not_invited,
APP-0132,not_invited,
APP-0133,invited,
APP-0134,not_invited,
APP-0135,not_invited,
APP-0136,not_invited,
APP-0137,not_invited,
APP-0138,not_invited,
APP-0139,not_invited,
APP-0140,not_invited,
APP-0141,not_invited,
APP-0142,not_invited,
APP-0143,not_invited,
APP-0144,not_invited,
APP-0145,not_invited,
APP-0146,not_invited,
APP-0147,not_invited,
APP-0148,not_invited,
APP-0149,not_invited,
APP-0150,not_invited,
APP-0151,not_invited,
APP-0152,not_invited,
APP-0153,not_invited,
APP-0154,not_invited,
APP-0155,not_invited,
APP-0156,not_invited,
APP-0157,not_invited,
APP-0158,not_invited,
APP-0159,not_invited,
APP-0160,not_invited,
APP-0161,not_invited,
APP-0162,not_invited,
APP-0163,not_invited,
APP-0164,not_invited,
APP-0165,not_invited,
APP-0166,not_invited,
APP-0167,not_invited,
APP-0168,not_invited,
APP-0169,not_invited,
APP-0170,not_invited,
APP-0171,not_invited,
APP-0172,not_invited,
APP-0173,not_invited,
APP-0174,not_invited,
APP-0175,not_invited,
APP-0176,invited,
APP-0177,not_invited,
APP-0178,not_invited,
APP-0179,not_invited,
APP-0180,not_invited,
APP-0181,not_invited,
APP-0182,not_invited,
APP-0183,not_invited,
APP-0184,not_invited,
APP-0185,not_invited,
APP-0186,not_invited,
APP-0187,not_invited,
APP-0188,not_invited,
APP-0189,not_invited,
APP-0190,not_invited,
APP-0191,not_invited,
APP-0192,not_invited,
APP-0193,not_invited,
APP-0194,not_invited,
APP-0195,not_invited,
APP-0196,not_invited,
APP-0197,not_invited,
APP-0198,not_invited,
APP-0199,not_invited,
APP-0200,not_invited,
APP-0201,not_invited,
APP-0202,not_invited,
APP-0203,not_invited,
APP-0204,not_invited,
APP-0205,not_invited,
APP-0206,not_invited,
APP-0207,not_invited,
APP-0208,invited,
APP-0209,not_invited,
APP-0210,not_invited,
APP-0211,not_invited,
APP-0212,not_invited,
APP-0213,not_invited,
APP-0214,not_invited,
APP-0215,not_invited,
APP-0216,not_invited,
APP-0217,not_invited,
APP-0218,not_invited,
APP-0219,not_invited,
APP-0220,not_invited,
APP-0221,not_invited,
APP-0222,not_invited,
APP-0223,not_invited,
APP-0224,not_invited,
APP-0225,not_invited,
APP-0226,not_invited,
APP-0227,not_invited,
APP-0228,not_invited,
APP-0229,not_invited,
APP-0230,not_invited,
APP-0231,not_invited,
APP-0232,not_invited,
APP-0233,not_invited,
APP-0234,not_invited,
APP-0235,not_invited,
APP-0236,not_invited,
APP-0237,not_invited,
APP-0238,not_invited,
APP-0239,not_invited,
APP-0240,not_invited,
APP-0241,not_invited,
APP-0242,not_invited,
APP-0243,not_invited,
APP-0244,not_invited,
APP-0245,not_invited,
APP-0246,not_invited,
APP-0247,not_invited,
APP-0248,not_invited,
APP-0249,not_invited,
APP-0250,not_invited,
APP-0251,not_invited,
APP-0252,not_invited,
APP-0253,not_invited,
APP-0254,not_invited,
APP-0255,not_invited,
APP-0256,not_invited,
APP-0257,not_invited,
APP-0258,not_invited,
APP-0259,not_invited,
APP-0260,not_invited,
APP-0261,invited,
APP-0262,not_invited,
APP-0263,not_invited,
APP-0264,not_invited,
APP-0265,not_invited,
APP-0266,not_invited,
APP-0267,not_invited,
APP-0268,not_invited,
APP-0269,not_invited,
APP-0270,not_invited,
APP-0271,not_invited,
APP-0272,not_invited,
APP-0273,not_invited,
APP-0274,not_invited,
APP-0275,not_invited,
APP-0276,not_invited,
APP-0277,not_invited,
APP-0278,not_invited,
APP-0279,invited,
APP-0280,not_invited,
APP-0281,not_invited,
APP-0282,not_invited,
APP-0283,not_invited,
APP-0284,not_invited,
APP-0285,not_invited,
APP-0286,not_invited,
APP-0287,not_invited,
APP-0288,not_invited,
APP-0289,not_invited,
APP-0290,not_invited,
APP-0291,not_invited,
APP-0292,not_invited,
APP-0293,not_invited,
APP-0294,not_invited,
APP-0295,not_invited,
APP-0296,not_invited,
APP-0297,not_invited,
APP-0298,not_invited,
APP-0299,not_invited,
APP-0300,not_invited,
APP-0301,not_invited,
APP-0302,not_invited,
APP-0303,not_invited,
APP-0304,not_invited,
APP-0305,not_invited,
APP-0306,invited,
APP-0307,not_invited,
APP-0308,not_invited,
APP-0309,not_invited,
APP-0310,not_invited,
APP-0311,not_invited,
APP-0312,not_invited,
APP-0313,not_invited,
APP-0314,not_invited,
APP-0315,not_invited,
APP-0316,not_invited,
APP-0317,not_invited,
APP-0318,not_invited,
APP-0319,not_invited,
APP-0320,invited,
APP-0321,not_invited,
APP-0322,not_invited,
APP-0323,not_invited,
APP-0324,not_invited,
APP-0325,not_invited,
APP-0326,not_invited,
APP-0327,not_invited,
APP-0328,not_invited,
APP-0329,not_invited,
APP-0330,not_invited,
APP-0331,invited,
APP-0332,not_invited,
APP-0333,invited,
APP-0334,not_invited,
APP-0335,invited,
APP-0336,not_invited,
APP-0337,not_invited,
APP-0338,not_invited,
APP-0339,not_invited,
APP-0340,invited,
APP-0341,not_invited,
APP-0342,not_invited,
APP-0343,not_invited,
APP-0344,not_invited,
APP-0345,not_invited,
APP-0346,not_invited,
APP-0347,not_invited,
APP-0348,not_invited,
APP-0349,invited,
APP-0350,not_invited,
APP-0351,not_invited,
APP-0352,not_invited,
APP-0353,not_invited,
APP-0354,not_invited,
APP-0355,not_invited,
APP-0356,not_invited,
APP-0357,invited,
APP-0358,not_invited,
APP-0359,not_invited,
APP-0360,not_invited,
APP-0361,not_invited,
APP-0362,not_invited,
APP-0363,invited,
APP-0364,not_invited,
APP-0365,not_invited,
APP-0366,not_invited,
APP-0367,not_invited,
APP-0368,not_invited,
APP-0369,not_invited,
APP-0370,not_invited,
APP-0371,not_invited,
APP-0372,not_invited,
APP-0373,not_invited,
APP-0374,not_invited,
APP-0375,not_invited,
APP-0376,not_invited,
APP-0377,not_invited,
APP-0378,not_invited,
APP-0379,not_invited,
APP-0380,not_invited,
APP-0381,not_invited,
APP-0382,not_invited,
APP-0383,not_invited,
APP-0384,not_invited,
APP-0385,not_invited,
APP-0386,not_invited,
APP-0387,not_invited,
APP-0388,not_invited,
APP-0389,not_invited,
APP-0390,not_invited,
APP-0391,not_invited,
APP-0392,not_invited,
APP-0393,not_invited,
APP-0394,not_invited,
APP-0395,not_invited,
APP-0396,not_invited,
APP-0397,not_invited,
APP-0398,not_invited,
APP-0399,invited,
APP-0400,not_invited,
APP-0401,not_invited,
APP-0402,not_invited,
APP-0403,not_invited,
APP-0404,invited,
APP-0405,not_invited,
APP-0406,not_invited,
APP-0407,not_invited,
APP-0408,not_invited,
APP-0409,not_invited,
APP-0410,not_invited,
APP-0411,not_invited,
APP-0412,not_invited,
APP-0413,not_invited,
APP-0414,not_invited,
APP-0415,invited,
APP-0416,not_invited,
APP-0417,withdrawn,
APP-0418,not_invited,
APP-0419,not_invited,
APP-0420,not_invited,
APP-0421,not_invited,
APP-0422,not_invited,
APP-0423,not_invited,
APP-0424,not_invited,
APP-0425,invited,
APP-0426,not_invited,
APP-0427,not_invited,
APP-0428,not_invited,
APP-0429,not_invited,
APP-0430,not_invited,
APP-0431,not_invited,
APP-0432,not_invited,
APP-0433,not_invited,
APP-0434,not_invited,
APP-0435,not_invited,
APP-0436,not_invited,
APP-0437,not_invited,
APP-0438,not_invited,
APP-0439,not_invited,
APP-0440,not_invited,
APP-0441,not_invited,
APP-0442,not_invited,
APP-0443,not_invited,
APP-0444,not_invited,
APP-0445,not_invited,
APP-0446,not_invited,
APP-0447,not_invited,
APP-0448,invited,
APP-0449,invited,panel
APP-0450,not_invited,
APP-0451,invited,
APP-0452,not_invited,
APP-0453,not_invited,
APP-0454,not_invited,
APP-0455,not_invited,
APP-0456,not_invited,
APP-0457,not_invited,
APP-0458,not_invited,
APP-0459,not_invited,
APP-0460,not_invited,
APP-0461,not_invited,
APP-0462,not_invited,
APP-0463,not_invited,
APP-0464,not_invited,
APP-0465,not_invited,
APP-0466,not_invited,
APP-0467,not_invited,
APP-0468,not_invited,
APP-0469,not_invited,
APP-0470,not_invited,
APP-0471,not_invited,
APP-0472,not_invited,
APP-0473,not_invited,
APP-0474,not_invited,
APP-0475,not_invited,
APP-0476,not_invited,
APP-0477,not_invited,
APP-0478,not_invited,
APP-0479,not_invited,
APP-0480,not_invited,
APP-0481,not_invited,
APP-0482,not_invited,
APP-0483,not_invited,
APP-0484,not_invited,
APP-0485,not_invited,
APP-0486,not_invited,
APP-0487,not_invited,
APP-0488,not_invited,
APP-0489,not_invited,
APP-0490,not_invited,
APP-0491,not_invited,
APP-0492,not_invited,
APP-0493,not_invited,
APP-0494,invited,
APP-0495,not_invited,
APP-0496,not_invited,panel
APP-0497,not_invited,
APP-0498,not_invited,
APP-0499,not_invited,
APP-0500,not_invited,
APP-0501,not_invited,
APP-0502,not_invited,
APP-0503,not_invited,
APP-0504,not_invited,
APP-0505,not_invited,
APP-0506,not_invited,
APP-0507,not_invited,
APP-0508,not_invited,
APP-0509,not_invited,
APP-0510,not_invited,
APP-0511,not_invited,
APP-0512,not_invited,
APP-0513,not_invited,
APP-0514,invited,
APP-0515,not_invited,
APP-0516,not_invited,
APP-0517,not_invited,
APP-0518,not_invited,
APP-0519,not_invited,
APP-0520,not_invited,
APP-0521,invited,
APP-0522,not_invited,
APP-0523,not_invited,
APP-0524,not_invited,
APP-0525,not_invited,
APP-0526,not_invited,
APP-0527,not_invited,
APP-0528,not_invited,
APP-0529,not_invited,
APP-0530,not_invited,
APP-0531,not_invited,
APP-0532,not_invited,
APP-0533,invited,
APP-0534,not_invited,
APP-0535,not_invited,
APP-0536,not_invited,
APP-0537,not_invited,
APP-0538,not_invited,
APP-0539,not_invited,
APP-0540,not_invited,
APP-0541,not_invited,
APP-0542,not_invited,
APP-0543,not_invited,
APP-0544,not_invited,
APP-0545,not_invited,
APP-0546,not_invited,
APP-0547,not_invited,
APP-0548,invited,
APP-0549,not_invited,
APP-0550,not_invited,
APP-0551,not_invited,
APP-0552,not_invited,
APP-0553,not_invited,
APP-0554,not_invited,
APP-0555,not_invited,
APP-0556,not_invited,
APP-0557,not_invited,
APP-0558,not_invited,
APP-0559,not_invited,
APP-0560,not_invited,
APP-0561,not_invited,
APP-0562,not_invited,
APP-0563,not_invited,
APP-0564,not_invited,
APP-0565,not_invited,
APP-0566,not_invited,
APP-0567,not_invited,
APP-0568,not_invited,
APP-0569,not_invited,
APP-0570,not_invited,
APP-0571,not_invited,
APP-0572,not_invited,
APP-0573,not_invited,
APP-0574,not_invited,
APP-0575,not_invited,
APP-0576,not_invited,
APP-0577,not_invited,
APP-0578,not_invited,
APP-0579,not_invited,
APP-0580,not_invited,
APP-0581,not_invited,
APP-0582,not_invited,
APP-0583,not_invited,
APP-0584,not_invited,
APP-0585,not_invited,
APP-0586,invited,
APP-0587,not_invited,
APP-0588,not_invited,
APP-0589,not_invited,
APP-0590,not_invited,
APP-0591,not_invited,
APP-0592,not_invited,
APP-0593,not_invited,
APP-0594,not_invited,
APP-0595,not_invited,
APP-0596,not_invited,
APP-0597,not_invited,
APP-0598,not_invited,
APP-0599,not_invited,
APP-0600,not_invited,
APP-0601,not_invited,
APP-0602,not_invited,
APP-0603,not_invited,
APP-0604,not_invited,
APP-0605,not_invited,
APP-0606,not_invited,
APP-0607,not_invited,
APP-0608,not_invited,
APP-0609,not_invited,
APP-0610,not_invited,
APP-0611,not_invited,
APP-0612,not_invited,
APP-0613,not_invited,
APP-0614,not_invited,
APP-0615,not_invited,
APP-0616,not_invited,
APP-0617,invited,
APP-0618,not_invited,
APP-0619,not_invited,
APP-0620,not_invited,
APP-0621,not_invited,
APP-0622,not_invited,
APP-0623,not_invited,
APP-0624,not_invited,
APP-0625,invited,
APP-0626,not_invited,
APP-0627,not_invited,
APP-0628,not_invited,
APP-0629,not_invited,
APP-0630,not_invited,
APP-0631,not_invited,
APP-0632,not_invited,
APP-0633,not_invited,
APP-0634,not_invited,
APP-0635,not_invited,
APP-0636,not_invited,
APP-0637,not_invited,
APP-0638,invited,
APP-0639,invited,
APP-0640,not_invited,
APP-0641,not_invited,
APP-0642,not_invited,
APP-0643,not_invited,
APP-0644,not_invited,
APP-0645,not_invited,
APP-0646,not_invited,
APP-0647,not_invited,
APP-0648,not_invited,
APP-0649,not_invited,
APP-0650,not_invited,
APP-0651,not_invited,
APP-0652,not_invited,
APP-0653,not_invited,
APP-0654,not_invited,
APP-0655,not_invited,
APP-0656,not_invited,
APP-0657,not_invited,
APP-0658,not_invited,
APP-0659,not_invited,
APP-0660,not_invited,
APP-0661,not_invited,
APP-0662,not_invited,
APP-0663,not_invited,
APP-0664,not_invited,
APP-0665,not_invited,
APP-0666,not_invited,
APP-0667,not_invited,
APP-0668,not_invited,
APP-0669,not_invited,
APP-0670,not_invited,
APP-0671,not_invited,
APP-0672,not_invited,
APP-0673,not_invited,
APP-0674,not_invited,
APP-0675,not_invited,
APP-0676,not_invited,
APP-0677,not_invited,
APP-0678,not_invited,
APP-0679,not_invited,
APP-0680,invited,
APP-0681,not_invited,
APP-0682,not_invited,
APP-0683,not_invited,
APP-0684,not_invited,
APP-0685,not_invited,
APP-0686,not_invited,
APP-0687,invited,
APP-0688,not_invited,
APP-0689,not_invited,
APP-0690,not_invited,
APP-0691,not_invited,
APP-0692,not_invited,
APP-0693,not_invited,
APP-0694,not_invited,
APP-0695,not_invited,
APP-0696,not_invited,
APP-0697,not_invited,
APP-0698,not_invited,
APP-0699,not_invited,
APP-0700,not_invited,
APP-0701,not_invited,
APP-0702,not_invited,
APP-0703,not_invited,
APP-0704,not_invited,
APP-0705,not_invited,
APP-0706,not_invited,
APP-0707,not_invited,
APP-0708,invited,
APP-0709,not_invited,
APP-0710,not_invited,
APP-0711,not_invited,
APP-0712,not_invited,
APP-0713,not_invited,
APP-0714,not_invited,
APP-0715,not_invited,
APP-0716,not_invited,
APP-0717,not_invited,
APP-0718,not_invited,
APP-0719,not_invited,
APP-0720,not_invited,
APP-0721,not_invited,
APP-0722,not_invited,
APP-0723,not_invited,
APP-0724,not_invited,
APP-0725,not_invited,
APP-0726,not_invited,
APP-0727,not_invited,
APP-0728,not_invited,
APP-0729,not_invited,
APP-0730,invited,
APP-0731,not_invited,
APP-0732,not_invited,
APP-0733,not_invited,
APP-0734,not_invited,
APP-0735,not_invited,
APP-0736,not_invited,
APP-0737,not_invited,
APP-0738,not_invited,
APP-0739,not_invited,
APP-0740,not_invited,
APP-0741,not_invited,
APP-0742,not_invited,
APP-0743,not_invited,
APP-0744,not_invited,
APP-0745,not_invited,
APP-0746,not_invited,
APP-0747,not_invited,
APP-0748,not_invited,
APP-0749,not_invited,
APP-0750,not_invited,
APP-0751,not_invited,
APP-0752,not_invited,
APP-0753,not_invited,
APP-0754,not_invited,
APP-0755,not_invited,
APP-0756,invited,
APP-0757,not_invited,
APP-0758,not_invited,
APP-0759,not_invited,
APP-0760,not_invited,
APP-0761,not_invited,
APP-0762,not_invited,
APP-0763,not_invited,
APP-0764,not_invited,
APP-0765,not_invited,
APP-0766,not_invited,
APP-0767,not_invited,
APP-0768,not_invited,
APP-0769,invited,
APP-0770,not_invited,
APP-0771,not_invited,
APP-0772,invited,
APP-0773,not_invited,
APP-0774,not_invited,
APP-0775,not_invited,
APP-0776,not_invited,
APP-0777,not_invited,
APP-0778,not_invited,
APP-0779,not_invited,
APP-0780,not_invited,
APP-0781,not_invited,
APP-0782,not_invited,
APP-0783,invited,
APP-0784,not_invited,
APP-0785,not_invited,
APP-0786,not_invited,
APP-0787,not_invited,
APP-0788,not_invited,
APP-0789,not_invited,
APP-0790,invited,
APP-0791,not_invited,
APP-0792,not_invited,
APP-0793,not_invited,
APP-0794,not_invited,
APP-0795,not_invited,
APP-0796,not_invited,
APP-0797,not_invited,
APP-0798,not_invited,
APP-0799,not_invited,
APP-0800,not_invited,
APP-0801,not_invited,
APP-0802,not_invited,
APP-0803,not_invited,
APP-0804,not_invited,
APP-0805,not_invited,
APP-0806,not_invited,
APP-0807,not_invited,
APP-0808,not_invited,
APP-0809,invited,
APP-0810,not_invited,
APP-0811,not_invited,
APP-0812,not_invited,
APP-0813,not_invited,
APP-0814,not_invited,
APP-0815,not_invited,
APP-0816,not_invited,
APP-0817,not_invited,
APP-0818,not_invited,
APP-0819,not_invited,
APP-0820,not_invited,
APP-0821,not_invited,
APP-0822,not_invited,
APP-0823,not_invited,
APP-0824,not_invited,
APP-0825,not_invited,
APP-0826,not_invited,
APP-0827,not_invited,
APP-0828,not_invited,
APP-0829,not_invited,
APP-0830,not_invited,
APP-0831,not_invited,
APP-0832,not_invited,
APP-0833,not_invited,
APP-0834,not_invited,
APP-0835,not_invited,
APP-0836,not_invited,
APP-0837,not_invited,
APP-0838,invited,
APP-0839,not_invited,
APP-0840,not_invited,
APP-0841,not_invited,
APP-0842,not_invited,
APP-0843,not_invited,
APP-0844,not_invited,
APP-0845,not_invited,
APP-0846,not_invited,
APP-0847,not_invited,
APP-0848,not_invited,
APP-0849,not_invited,
APP-0850,not_invited,
APP-0851,not_invited,
APP-0852,not_invited,
APP-0853,not_invited,
APP-0854,not_invited,
APP-0855,not_invited,
APP-0856,not_invited,
APP-0857,not_invited,
APP-0858,not_invited,
APP-0859,not_invited,
APP-0860,not_invited,
APP-0861,not_invited,
APP-0862,not_invited,
APP-0863,not_invited,
APP-0864,not_invited,
APP-0865,not_invited,
APP-0866,not_invited,
APP-0867,not_invited,
APP-0868,not_invited,
APP-0869,not_invited,
APP-0870,not_invited,
APP-0871,not_invited,
APP-0872,not_invited,
APP-0873,not_invited,
APP-0874,not_invited,
APP-0875,not_invited,
APP-0876,not_invited,
APP-0877,not_invited,
APP-0878,not_invited,
APP-0879,invited,
APP-0880,not_invited,
APP-0881,not_invited,
APP-0882,not_invited,
APP-0883,not_invited,
APP-0884,not_invited,
APP-0885,not_invited,
APP-0886,not_invited,
APP-0887,not_invited,
APP-0888,not_invited,
APP-0889,invited,
APP-0890,not_invited,
APP-0891,invited,
APP-0892,not_invited,
APP-0893,not_invited,
APP-0894,not_invited,
APP-0895,not_invited,
APP-0896,not_invited,
APP-0897,not_invited,
APP-0898,not_invited,
APP-0899,not_invited,
APP-0900,not_invited,
APP-0901,not_invited,
APP-0902,not_invited,
APP-0903,not_invited,
APP-0904,not_invited,
APP-0905,not_invited,
APP-0906,not_invited,
APP-0907,not_invited,
APP-0908,not_invited,
APP-0909,not_invited,
APP-0910,not_invited,
APP-0911,not_invited,
APP-0912,not_invited,
APP-0913,not_invited,
APP-0914,not_invited,
APP-0915,not_invited,
APP-0916,not_invited,
APP-0917,not_invited,
APP-0918,not_invited,
APP-0919,not_invited,
APP-0920,not_invited,
APP-0921,invited,
APP-0922,not_invited,
APP-0923,not_invited,
APP-0924,not_invited,
APP-0925,not_invited,
APP-0926,not_invited,
APP-0927,not_invited,
APP-0928,not_invited,
APP-0929,not_invited,
APP-0930,not_invited,
APP-0931,not_invited,
APP-0932,not_invited,
APP-0933,not_invited,
APP-0934,not_invited,
APP-0935,not_invited,
APP-0936,not_invited,
APP-0937,invited,
APP-0938,not_invited,
APP-0939,not_invited,
APP-0940,not_invited,
APP-0941,not_invited,
APP-0942,not_invited,
APP-0943,not_invited,
APP-0944,not_invited,
APP-0945,not_invited,
APP-0946,not_invited,
APP-0947,not_invited,
APP-0948,not_invited,
APP-0949,not_invited,
APP-0950,not_invited,
APP-0951,not_invited,
APP-0952,not_invited,
APP-0953,not_invited,
APP-0954,not_invited,
APP-0955,not_invited,
APP-0956,not_invited,
APP-0957,not_invited,
APP-0958,not_invited,
APP-0959,not_invited,
APP-0960,not_invited,
