slot_id,start,minutes,room,panel,status
S01,2026-03-26T09:00:00+01:00,30,Room A,Lindqvist / Nyberg,open
S02,2026-03-26T10:00:00+01:00,30,Room A,Lindqvist / Nyberg,open
S03,2026-03-26T11:00:00+01:00,30,Room A,Lindqvist / Nyberg,open
S04,2026-03-26T13:00:00+01:00,30,Room A,Lindqvist / Nyberg,open
S05,2026-03-26T14:00:00+01:00,30,Room A,Lindqvist / Nyberg,open
S06,2026-03-26T15:00:00+01:00,30,Room A,Lindqvist / Nyberg,open
S07,2026-03-26T16:00:00+01:00,30,Room A,Lindqvist / Nyberg,open
S08,2026-03-26T09:00:00+01:00,30,Room B,Virtanen / Sandberg,open
S09,2026-03-26T10:00:00+01:00,30,Room B,Virtanen / Sandberg,cancelled
S10,2026-03-26T11:00:00+01:00,30,Room B,Virtanen / Sandberg,open
S11,2026-03-26T13:00:00+01:00,30,Room B,Virtanen / Sandberg,open
S12,2026-03-26T14:00:00+01:00,30,Room B,Virtanen / Sandberg,open
S13,2026-03-26T15:00:00+01:00,30,Room B,Virtanen / Sandberg,open
S14,2026-03-26T16:00:00+01:00,30,Room B,Virtanen / Sandberg,open
S15,2026-03-26T09:00:00+01:00,30,Room C,Ekström / Tamm,open
S16,2026-03-26T10:00:00+01:00,30,Room C,Ekström / Tamm,open
S17,2026-03-26T11:00:00+01:00,30,Room C,Ekström / Tamm,open
S18,2026-03-26T13:00:00+01:00,30,Room C,Ekström / Tamm,open
S19,2026-03-26T14:00:00+01:00,30,Room C,Ekström / Tamm,open
S20,2026-03-26T15:00:00+01:00,30,Room C,Ekström / Tamm,open
S21,2026-03-26T16:00:00+01:00,30,Room C,Ekström / Tamm,open
S22,2026-03-27T09:00:00+01:00,30,Room A,Lindqvist / Nyberg,open
S23,2026-03-27T10:00:00+01:00,30,Room A,Lindqvist / Nyberg,open
S24,2026-03-27T11:00:00+01:00,30,Room A,Lindqvist / Nyberg,open
S25,2026-03-27T13:00:00+01:00,30,Room A,Lindqvist / Nyberg,open
S26,2026-03-27T14:00:00+01:00,30,Room A,Lindqvist / Nyberg,open
S27,2026-03-27T15:00:00+01:00,30,Room A,Lindqvist / Nyberg,open
S28,2026-03-27T16:00:00+01:00,30,Room A,Lindqvist / Nyberg,open
S29,2026-03-27T09:00:00+01:00,30,Room B,Virtanen / Sandberg,open
S30,2026-03-27T10:00:00+01:00,30,Room B,Virtanen / Sandberg,open
S31,2026-03-27T11:00:00+01:00,30,Room B,Virtanen / Sandberg,open
S32,2026-03-27T13:00:00+01:00,30,Room B,Virtanen / Sandberg,open
S33,2026-03-27T14:00:00+01:00,30,Room B,Virtanen / Sandberg,open
S34,2026-03-27T15:00:00+01:00,30,Room B,Virtanen / Sandberg,cancelled
S35,2026-03-27T16:00:00+01:00,30,Room B,Virtanen / Sandberg,open
S36,2026-03-27T09:00:00+01:00,30,Room C,Ekström / Tamm,open
S37,2026-03-27T10:00:00+01:00,30,Room C,Ekström / Tamm,open
S38,2026-03-27T11:00:00+01:00,30,Room C,Ekström / Tamm,open
S39,2026-03-27T13:00:00+01:00,30,Room C,Ekström / Tamm,open
S40,2026-03-27T14:00:00+01:00,30,Room C,Ekström / Tamm,open
S41,2026-03-27T15:00:00+01:00,30,Room C,Ekström / Tamm,open
S42,2026-03-27T16:00:00+01:00,30,Room C,Ekström / Tamm,open
